id,startedAt,endedAt,userId,taskId,actionSequence,parsed_trajectory
1403,2024-02-15 02:44:26.279,2024-02-15 02:44:36.577,36,272,"[{""category"":""Selection"",""operation"":""SelectCell"",""position"":{""x"":0,""y"":3},""grid"":[[2,2,0,2],[0,2,0,0],[0,0,2,0],[0,0,0,0],[0,0,2,2]],""object"":[{""x"":0,""y"":3,""color"":2}],""overlapped"":true,""timestamp"":""2024-02-15T02:44:33.649Z""},{""category"":""Coloring"",""operation"":""Paint"",""color"":1,""grid"":[[2,2,0,2],[0,2,0,0],[0,0,2,0],[0,0,0,0],[0,0,2,2]],""object"":[{""x"":0,""y"":3,""color"":1}],""overlapped"":false,""timestamp"":""2024-02-15T02:44:34.677Z""},{""category"":""Critical"",""operation"":""Submit"",""grid"":[[2,2,0,2],[0,2,0,0],[0,0,2,0],[1,0,0,0],[0,0,2,2]],""object"":[],""overlapped"":true,""special"":{""succeed"":false},""timestamp"":""2024-02-15T02:44:36.577Z""}]","[({'grid': [[2, 2, 0, 2], [0, 2, 0, 0], [0, 0, 2, 0], [0, 0, 0, 0], [0, 0, 2, 2]], 'object': [{'x': 0, 'y': 3, 'color': 2}], 'overlapped': True}, {'operation': 'SelectCell', 'position': {'x': 0, 'y': 3}, 'color': None}), ({'grid': [[2, 2, 0, 2], [0, 2, 0, 0], [0, 0, 2, 0], [0, 0, 0, 0], [0, 0, 2, 2]], 'object': [{'x': 0, 'y': 3, 'color': 1}], 'overlapped': False}, {'operation': 'Paint', 'position': None, 'color': 1}), ({'grid': [[2, 2, 0, 2], [0, 2, 0, 0], [0, 0, 2, 0], [1, 0, 0, 0], [0, 0, 2, 2]], 'object': [], 'overlapped': True}, {'operation': 'Submit', 'position': None, 'color': None})]"
1407,2024-02-15 02:44:26.279,2024-02-15 02:44:41.294,36,272,"[{""category"":""Selection"",""operation"":""SelectCell"",""position"":{""x"":0,""y"":3},""grid"":[[2,2,0,2],[0,2,0,0],[0,0,2,0],[0,0,0,0],[0,0,2,2]],""object"":[{""x"":0,""y"":3,""color"":2}],""overlapped"":true,""timestamp"":""2024-02-15T02:44:33.649Z""},{""category"":""Coloring"",""operation"":""Paint"",""color"":1,""grid"":[[2,2,0,2],[0,2,0,0],[0,0,2,0],[0,0,0,0],[0,0,2,2]],""object"":[{""x"":0,""y"":3,""color"":1}],""overlapped"":false,""timestamp"":""2024-02-15T02:44:34.677Z""},{""category"":""Selection"",""operation"":""SelectCell"",""position"":{""x"":3,""y"":0},""grid"":[[2,2,0,0],[0,2,0,0],[0,0,2,0],[1,0,0,0],[0,0,2,2]],""object"":[{""x"":3,""y"":0,""color"":2}],""overlapped"":true,""timestamp"":""2024-02-15T02:44:37.332Z""},{""category"":""Selection"",""operation"":""SelectCell"",""position"":{""x"":2,""y"":2},""grid"":[[2,2,0,0],[0,2,0,0],[0,0,0,0],[1,0,0,0],[0,0,2,2]],""object"":[{""x"":3,""y"":0,""color"":2},{""x"":2,""y"":2,""color"":2}],""overlapped"":true,""timestamp"":""2024-02-15T02:44:39.363Z""},{""category"":""Coloring"",""operation"":""Paint"",""color"":1,""grid"":[[2,2,0,0],[0,2,0,0],[0,0,0,0],[1,0,0,0],[0,0,2,2]],""object"":[{""x"":3,""y"":0,""color"":1},{""x"":2,""y"":2,""color"":1}],""overlapped"":false,""timestamp"":""2024-02-15T02:44:40.661Z""},{""category"":""Critical"",""operation"":""Submit"",""grid"":[[2,2,0,1],[0,2,0,0],[0,0,1,0],[1,0,0,0],[0,0,2,2]],""object"":[],""overlapped"":true,""special"":{""succeed"":false},""timestamp"":""2024-02-15T02:44:41.293Z""}]","[({'grid': [[2, 2, 0, 2], [0, 2, 0, 0], [0, 0, 2, 0], [0, 0, 0, 0], [0, 0, 2, 2]], 'object': [{'x': 0, 'y': 3, 'color': 2}], 'overlapped': True}, {'operation': 'SelectCell', 'position': {'x': 0, 'y': 3}, 'color': None}), ({'grid': [[2, 2, 0, 2], [0, 2, 0, 0], [0, 0, 2, 0], [0, 0, 0, 0], [0, 0, 2, 2]], 'object': [{'x': 0, 'y': 3, 'color': 1}], 'overlapped': False}, {'operation': 'Paint', 'position': None, 'color': 1}), ({'grid': [[2, 2, 0, 0], [0, 2, 0, 0], [0, 0, 2, 0], [1, 0, 0, 0], [0, 0, 2, 2]], 'object': [{'x': 3, 'y': 0, 'color': 2}], 'overlapped': True}, {'operation': 'SelectCell', 'position': {'x': 3, 'y': 0}, 'color': None}), ({'grid': [[2, 2, 0, 0], [0, 2, 0, 0], [0, 0, 0, 0], [1, 0, 0, 0], [0, 0, 2, 2]], 'object': [{'x': 3, 'y': 0, 'color': 2}, {'x': 2, 'y': 2, 'color': 2}], 'overlapped': True}, {'operation': 'SelectCell', 'position': {'x': 2, 'y': 2}, 'color': None}), ({'grid': [[2, 2, 0, 0], [0, 2, 0, 0], [0, 0, 0, 0], [1, 0, 0, 0], [0, 0, 2, 2]], 'object': [{'x': 3, 'y': 0, 'color': 1}, {'x': 2, 'y': 2, 'color': 1}], 'overlapped': False}, {'operation': 'Paint', 'position': None, 'color': 1}), ({'grid': [[2, 2, 0, 1], [0, 2, 0, 0], [0, 0, 1, 0], [1, 0, 0, 0], [0, 0, 2, 2]], 'object': [], 'overlapped': True}, {'operation': 'Submit', 'position': None, 'color': None})]"
2391,2024-02-15 04:23:22.180,2024-02-15 04:23:29.325,7,272,"[{""category"":""Selection"",""operation"":""SelectCell"",""position"":{""x"":0,""y"":3},""grid"":[[2,2,0,2],[0,2,0,0],[0,0,2,0],[0,0,0,0],[0,0,2,2]],""object"":[{""x"":0,""y"":3,""color"":2}],""overlapped"":true,""timestamp"":""2024-02-15T04:23:25.858Z""},{""category"":""Selection"",""operation"":""SelectCell"",""position"":{""x"":2,""y"":2},""grid"":[[2,2,0,2],[0,2,0,0],[0,0,0,0],[0,0,0,0],[0,0,2,2]],""object"":[{""x"":0,""y"":3,""color"":2},{""x"":2,""y"":2,""color"":2}],""overlapped"":true,""timestamp"":""2024-02-15T04:23:26.305Z""},{""category"":""Selection"",""operation"":""SelectCell"",""position"":{""x"":3,""y"":0},""grid"":[[2,2,0,0],[0,2,0,0],[0,0,0,0],[0,0,0,0],[0,0,2,2]],""object"":[{""x"":0,""y"":3,""color"":2},{""x"":2,""y"":2,""color"":2},{""x"":3,""y"":0,""color"":2}],""overlapped"":true,""timestamp"":""2024-02-15T04:23:26.882Z""},{""category"":""Coloring"",""operation"":""Paint"",""color"":1,""grid"":[[2,2,0,0],[0,2,0,0],[0,0,0,0],[0,0,0,0],[0,0,2,2]],""object"":[{""x"":0,""y"":3,""color"":1},{""x"":2,""y"":2,""color"":1},{""x"":3,""y"":0,""color"":1}],""overlapped"":false,""timestamp"":""2024-02-15T04:23:28.784Z""},{""category"":""Critical"",""operation"":""Submit"",""grid"":[[2,2,0,1],[0,2,0,0],[0,0,1,0],[1,0,0,0],[0,0,2,2]],""object"":[],""overlapped"":true,""special"":{""succeed"":false},""timestamp"":""2024-02-15T04:23:29.325Z""}]","[({'grid': [[2, 2, 0, 2], [0, 2, 0, 0], [0, 0, 2, 0], [0, 0, 0, 0], [0, 0, 2, 2]], 'object': [{'x': 0, 'y': 3, 'color': 2}], 'overlapped': True}, {'operation': 'SelectCell', 'position': {'x': 0, 'y': 3}, 'color': None}), ({'grid': [[2, 2, 0, 2], [0, 2, 0, 0], [0, 0, 0, 0], [0, 0, 0, 0], [0, 0, 2, 2]], 'object': [{'x': 0, 'y': 3, 'color': 2}, {'x': 2, 'y': 2, 'color': 2}], 'overlapped': True}, {'operation': 'SelectCell', 'position': {'x': 2, 'y': 2}, 'color': None}), ({'grid': [[2, 2, 0, 0], [0, 2, 0, 0], [0, 0, 0, 0], [0, 0, 0, 0], [0, 0, 2, 2]], 'object': [{'x': 0, 'y': 3, 'color': 2}, {'x': 2, 'y': 2, 'color': 2}, {'x': 3, 'y': 0, 'color': 2}], 'overlapped': True}, {'operation': 'SelectCell', 'position': {'x': 3, 'y': 0}, 'color': None}), ({'grid': [[2, 2, 0, 0], [0, 2, 0, 0], [0, 0, 0, 0], [0, 0, 0, 0], [0, 0, 2, 2]], 'object': [{'x': 0, 'y': 3, 'color': 1}, {'x': 2, 'y': 2, 'color': 1}, {'x': 3, 'y': 0, 'color': 1}], 'overlapped': False}, {'operation': 'Paint', 'position': None, 'color': 1}), ({'grid': [[2, 2, 0, 1], [0, 2, 0, 0], [0, 0, 1, 0], [1, 0, 0, 0], [0, 0, 2, 2]], 'object': [], 'overlapped': True}, {'operation': 'Submit', 'position': None, 'color': None})]"
2930,2024-03-04 07:28:29.569,2024-03-04 07:28:44.500,56,272,"[{""category"":""Selection"",""operation"":""SelectCell"",""position"":{""x"":0,""y"":3},""grid"":[[2,2,0,2],[0,2,0,0],[0,0,2,0],[0,0,0,0],[0,0,2,2]],""object"":[{""x"":0,""y"":3,""color"":2}],""overlapped"":true,""timestamp"":""2024-03-04T07:28:36.652Z""},{""category"":""Selection"",""operation"":""SelectCell"",""position"":{""x"":3,""y"":0},""grid"":[[2,2,0,0],[0,2,0,0],[0,0,2,0],[0,0,0,0],[0,0,2,2]],""object"":[{""x"":0,""y"":3,""color"":2},{""x"":3,""y"":0,""color"":2}],""overlapped"":true,""timestamp"":""2024-03-04T07:28:38.777Z""},{""category"":""Selection"",""operation"":""SelectGrid"",""grid"":[[2,2,0,0],[0,2,0,0],[0,0,2,0],[0,0,0,0],[0,0,2,2]],""object"":[{""x"":0,""y"":3,""color"":2},{""x"":3,""y"":0,""color"":2}],""overlapped"":true,""timestamp"":""2024-03-04T07:28:39.247Z""},{""category"":""Selection"",""operation"":""SelectCell"",""position"":{""x"":2,""y"":2},""grid"":[[2,2,0,0],[0,2,0,0],[0,0,0,0],[0,0,0,0],[0,0,2,2]],""object"":[{""x"":0,""y"":3,""color"":2},{""x"":3,""y"":0,""color"":2},{""x"":2,""y"":2,""color"":2}],""overlapped"":true,""timestamp"":""2024-03-04T07:28:39.254Z""},{""category"":""Selection"",""operation"":""SelectCell"",""position"":{""x"":2,""y"":4},""grid"":[[2,2,0,0],[0,2,0,0],[0,0,0,0],[0,0,0,0],[0,0,0,2]],""object"":[{""x"":0,""y"":3,""color"":2},{""x"":3,""y"":0,""color"":2},{""x"":2,""y"":2,""color"":2},{""x"":2,""y"":4,""color"":2}],""overlapped"":true,""timestamp"":""2024-03-04T07:28:39.727Z""},{""category"":""Selection"",""operation"":""SelectCell"",""position"":{""x"":3,""y"":4},""grid"":[[2,2,0,0],[0,2,0,0],[0,0,0,0],[0,0,0,0],[0,0,0,0]],""object"":[{""x"":0,""y"":3,""color"":2},{""x"":3,""y"":0,""color"":2},{""x"":2,""y"":2,""color"":2},{""x"":2,""y"":4,""color"":2},{""x"":3,""y"":4,""color"":2}],""overlapped"":true,""timestamp"":""2024-03-04T07:28:40.010Z""},{""category"":""Selection"",""operation"":""SelectCell"",""position"":{""x"":2,""y"":4},""grid"":[[2,2,0,0],[0,2,0,0],[0,0,0,0],[0,0,0,0],[0,0,2,0]],""object"":[{""x"":0,""y"":3,""color"":2},{""x"":3,""y"":0,""color"":2},{""x"":2,""y"":2,""color"":2},{""x"":3,""y"":4,""color"":2}],""overlapped"":true,""timestamp"":""2024-03-04T07:28:42.446Z""},{""category"":""Selection"",""operation"":""SelectGrid"",""grid"":[[2,2,0,0],[0,2,0,0],[0,0,0,0],[0,0,0,0],[0,0,2,0]],""object"":[{""x"":0,""y"":3,""color"":2},{""x"":3,""y"":0,""color"":2},{""x"":2,""y"":2,""color"":2},{""x"":3,""y"":4,""color"":2}],""overlapped"":true,""timestamp"":""2024-03-04T07:28:42.740Z""},{""category"":""Selection"",""operation"":""SelectCell"",""position"":{""x"":3,""y"":4},""grid"":[[2,2,0,0],[0,2,0,0],[0,0,0,0],[0,0,0,0],[0,0,2,2]],""object"":[{""x"":0,""y"":3,""color"":2},{""x"":3,""y"":0,""color"":2},{""x"":2,""y"":2,""color"":2}],""overlapped"":true,""timestamp"":""2024-03-04T07:28:42.747Z""},{""category"":""Coloring"",""operation"":""Paint"",""color"":1,""grid"":[[2,2,0,0],[0,2,0,0],[0,0,0,0],[0,0,0,0],[0,0,2,2]],""object"":[{""x"":0,""y"":3,""color"":1},{""x"":3,""y"":0,""color"":1},{""x"":2,""y"":2,""color"":1}],""overlapped"":false,""timestamp"":""2024-03-04T07:28:43.457Z""},{""category"":""Critical"",""operation"":""Submit"",""grid"":[[2,2,0,1],[0,2,0,0],[0,0,1,0],[1,0,0,0],[0,0,2,2]],""object"":[],""overlapped"":true,""special"":{""succeed"":false},""timestamp"":""2024-03-04T07:28:44.500Z""}]","[({'grid': [[2, 2, 0, 2], [0, 2, 0, 0], [0, 0, 2, 0], [0, 0, 0, 0], [0, 0, 2, 2]], 'object': [{'x': 0, 'y': 3, 'color': 2}], 'overlapped': True}, {'operation': 'SelectCell', 'position': {'x': 0, 'y': 3}, 'color': None}), ({'grid': [[2, 2, 0, 0], [0, 2, 0, 0], [0, 0, 2, 0], [0, 0, 0, 0], [0, 0, 2, 2]], 'object': [{'x': 0, 'y': 3, 'color': 2}, {'x': 3, 'y': 0, 'color': 2}], 'overlapped': True}, {'operation': 'SelectCell', 'position': {'x': 3, 'y': 0}, 'color': None}), ({'grid': [[2, 2, 0, 0], [0, 2, 0, 0], [0, 0, 2, 0], [0, 0, 0, 0], [0, 0, 2, 2]], 'object': [{'x': 0, 'y': 3, 'color': 2}, {'x': 3, 'y': 0, 'color': 2}], 'overlapped': True}, {'operation': 'SelectGrid', 'position': None, 'color': None}), ({'grid': [[2, 2, 0, 0], [0, 2, 0, 0], [0, 0, 0, 0], [0, 0, 0, 0], [0, 0, 2, 2]], 'object': [{'x': 0, 'y': 3, 'color': 2}, {'x': 3, 'y': 0, 'color': 2}, {'x': 2, 'y': 2, 'color': 2}], 'overlapped': True}, {'operation': 'SelectCell', 'position': {'x': 2, 'y': 2}, 'color': None}), ({'grid': [[2, 2, 0, 0], [0, 2, 0, 0], [0, 0, 0, 0], [0, 0, 0, 0], [0, 0, 0, 2]], 'object': [{'x': 0, 'y': 3, 'color': 2}, {'x': 3, 'y': 0, 'color': 2}, {'x': 2, 'y': 2, 'color': 2}, {'x': 2, 'y': 4, 'color': 2}], 'overlapped': True}, {'operation': 'SelectCell', 'position': {'x': 2, 'y': 4}, 'color': None}), ({'grid': [[2, 2, 0, 0], [0, 2, 0, 0], [0, 0, 0, 0], [0, 0, 0, 0], [0, 0, 0, 0]], 'object': [{'x': 0, 'y': 3, 'color': 2}, {'x': 3, 'y': 0, 'color': 2}, {'x': 2, 'y': 2, 'color': 2}, {'x': 2, 'y': 4, 'color': 2}, {'x': 3, 'y': 4, 'color': 2}], 'overlapped': True}, {'operation': 'SelectCell', 'position': {'x': 3, 'y': 4}, 'color': None}), ({'grid': [[2, 2, 0, 0], [0, 2, 0, 0], [0, 0, 0, 0], [0, 0, 0, 0], [0, 0, 2, 0]], 'object': [{'x': 0, 'y': 3, 'color': 2}, {'x': 3, 'y': 0, 'color': 2}, {'x': 2, 'y': 2, 'color': 2}, {'x': 3, 'y': 4, 'color': 2}], 'overlapped': True}, {'operation': 'SelectCell', 'position': {'x': 2, 'y': 4}, 'color': None}), ({'grid': [[2, 2, 0, 0], [0, 2, 0, 0], [0, 0, 0, 0], [0, 0, 0, 0], [0, 0, 2, 0]], 'object': [{'x': 0, 'y': 3, 'color': 2}, {'x': 3, 'y': 0, 'color': 2}, {'x': 2, 'y': 2, 'color': 2}, {'x': 3, 'y': 4, 'color': 2}], 'overlapped': True}, {'operation': 'SelectGrid', 'position': None, 'color': None}), ({'grid': [[2, 2, 0, 0], [0, 2, 0, 0], [0, 0, 0, 0], [0, 0, 0, 0], [0, 0, 2, 2]], 'object': [{'x': 0, 'y': 3, 'color': 2}, {'x': 3, 'y': 0, 'color': 2}, {'x': 2, 'y': 2, 'color': 2}], 'overlapped': True}, {'operation': 'SelectCell', 'position': {'x': 3, 'y': 4}, 'color': None}), ({'grid': [[2, 2, 0, 0], [0, 2, 0, 0], [0, 0, 0, 0], [0, 0, 0, 0], [0, 0, 2, 2]], 'object': [{'x': 0, 'y': 3, 'color': 1}, {'x': 3, 'y': 0, 'color': 1}, {'x': 2, 'y': 2, 'color': 1}], 'overlapped': False}, {'operation': 'Paint', 'position': None, 'color': 1}), ({'grid': [[2, 2, 0, 1], [0, 2, 0, 0], [0, 0, 1, 0], [1, 0, 0, 0], [0, 0, 2, 2]], 'object': [], 'overlapped': True}, {'operation': 'Submit', 'position': None, 'color': None})]"
3855,2024-04-02 16:56:36.206,2024-04-02 16:56:42.180,56,272,"[{""category"":""Selection"",""operation"":""SelectCell"",""position"":{""x"":0,""y"":3},""grid"":[[2,2,0,2],[0,2,0,0],[0,0,2,0],[0,0,0,0],[0,0,2,2]],""object"":[{""x"":0,""y"":3,""color"":2}],""overlapped"":true,""timestamp"":""2024-04-02T16:56:39.667Z""},{""category"":""Selection"",""operation"":""SelectCell"",""position"":{""x"":2,""y"":2},""grid"":[[2,2,0,2],[0,2,0,0],[0,0,0,0],[0,0,0,0],[0,0,2,2]],""object"":[{""x"":0,""y"":3,""color"":2},{""x"":2,""y"":2,""color"":2}],""overlapped"":true,""timestamp"":""2024-04-02T16:56:40.177Z""},{""category"":""Selection"",""operation"":""SelectCell"",""position"":{""x"":3,""y"":0},""grid"":[[2,2,0,0],[0,2,0,0],[0,0,0,0],[0,0,0,0],[0,0,2,2]],""object"":[{""x"":0,""y"":3,""color"":2},{""x"":2,""y"":2,""color"":2},{""x"":3,""y"":0,""color"":2}],""overlapped"":true,""timestamp"":""2024-04-02T16:56:41.011Z""},{""category"":""Coloring"",""operation"":""Paint"",""color"":1,""grid"":[[2,2,0,0],[0,2,0,0],[0,0,0,0],[0,0,0,0],[0,0,2,2]],""object"":[{""x"":0,""y"":3,""color"":1},{""x"":2,""y"":2,""color"":1},{""x"":3,""y"":0,""color"":1}],""overlapped"":false,""timestamp"":""2024-04-02T16:56:41.655Z""},{""category"":""Critical"",""operation"":""Submit"",""grid"":[[2,2,0,1],[0,2,0,0],[0,0,1,0],[1,0,0,0],[0,0,2,2]],""object"":[],""overlapped"":true,""special"":{""succeed"":false},""timestamp"":""2024-04-02T16:56:42.180Z""}]","[({'grid': [[2, 2, 0, 2], [0, 2, 0, 0], [0, 0, 2, 0], [0, 0, 0, 0], [0, 0, 2, 2]], 'object': [{'x': 0, 'y': 3, 'color': 2}], 'overlapped': True}, {'operation': 'SelectCell', 'position': {'x': 0, 'y': 3}, 'color': None}), ({'grid': [[2, 2, 0, 2], [0, 2, 0, 0], [0, 0, 0, 0], [0, 0, 0, 0], [0, 0, 2, 2]], 'object': [{'x': 0, 'y': 3, 'color': 2}, {'x': 2, 'y': 2, 'color': 2}], 'overlapped': True}, {'operation': 'SelectCell', 'position': {'x': 2, 'y': 2}, 'color': None}), ({'grid': [[2, 2, 0, 0], [0, 2, 0, 0], [0, 0, 0, 0], [0, 0, 0, 0], [0, 0, 2, 2]], 'object': [{'x': 0, 'y': 3, 'color': 2}, {'x': 2, 'y': 2, 'color': 2}, {'x': 3, 'y': 0, 'color': 2}], 'overlapped': True}, {'operation': 'SelectCell', 'position': {'x': 3, 'y': 0}, 'color': None}), ({'grid': [[2, 2, 0, 0], [0, 2, 0, 0], [0, 0, 0, 0], [0, 0, 0, 0], [0, 0, 2, 2]], 'object': [{'x': 0, 'y': 3, 'color': 1}, {'x': 2, 'y': 2, 'color': 1}, {'x': 3, 'y': 0, 'color': 1}], 'overlapped': False}, {'operation': 'Paint', 'position': None, 'color': 1}), ({'grid': [[2, 2, 0, 1], [0, 2, 0, 0], [0, 0, 1, 0], [1, 0, 0, 0], [0, 0, 2, 2]], 'object': [], 'overlapped': True}, {'operation': 'Submit', 'position': None, 'color': None})]"
3986,2024-04-05 06:56:01.140,2024-04-05 06:56:06.493,62,272,"[{""category"":""Selection"",""operation"":""SelectCell"",""position"":{""x"":3,""y"":0},""grid"":[[2,2,0,0],[0,2,0,0],[0,0,2,0],[2,0,0,0],[0,0,2,2]],""object"":[{""x"":3,""y"":0,""color"":2}],""overlapped"":true,""timestamp"":""2024-04-05T06:56:04.570Z""},{""category"":""Selection"",""operation"":""SelectCell"",""position"":{""x"":2,""y"":2},""grid"":[[2,2,0,0],[0,2,0,0],[0,0,0,0],[2,0,0,0],[0,0,2,2]],""object"":[{""x"":3,""y"":0,""color"":2},{""x"":2,""y"":2,""color"":2}],""overlapped"":true,""timestamp"":""2024-04-05T06:56:04.976Z""},{""category"":""Selection"",""operation"":""SelectGrid"",""grid"":[[2,2,0,0],[0,2,0,0],[0,0,0,0],[2,0,0,0],[0,0,2,2]],""object"":[{""x"":3,""y"":0,""color"":2},{""x"":2,""y"":2,""color"":2}],""overlapped"":true,""timestamp"":""2024-04-05T06:56:05.445Z""},{""category"":""Selection"",""operation"":""SelectCell"",""position"":{""x"":0,""y"":3},""grid"":[[2,2,0,0],[0,2,0,0],[0,0,0,0],[0,0,0,0],[0,0,2,2]],""object"":[{""x"":3,""y"":0,""color"":2},{""x"":2,""y"":2,""color"":2},{""x"":0,""y"":3,""color"":2}],""overlapped"":true,""timestamp"":""2024-04-05T06:56:05.450Z""},{""category"":""Coloring"",""operation"":""Paint"",""color"":1,""grid"":[[2,2,0,0],[0,2,0,0],[0,0,0,0],[0,0,0,0],[0,0,2,2]],""object"":[{""x"":3,""y"":0,""color"":1},{""x"":2,""y"":2,""color"":1},{""x"":0,""y"":3,""color"":1}],""overlapped"":false,""timestamp"":""2024-04-05T06:56:05.981Z""},{""category"":""Critical"",""operation"":""Submit"",""grid"":[[2,2,0,1],[0,2,0,0],[0,0,1,0],[1,0,0,0],[0,0,2,2]],""object"":[],""overlapped"":true,""special"":{""succeed"":false},""timestamp"":""2024-04-05T06:56:06.493Z""}]","[({'grid': [[2, 2, 0, 0], [0, 2, 0, 0], [0, 0, 2, 0], [2, 0, 0, 0], [0, 0, 2, 2]], 'object': [{'x': 3, 'y': 0, 'color': 2}], 'overlapped': True}, {'operation': 'SelectCell', 'position': {'x': 3, 'y': 0}, 'color': None}), ({'grid': [[2, 2, 0, 0], [0, 2, 0, 0], [0, 0, 0, 0], [2, 0, 0, 0], [0, 0, 2, 2]], 'object': [{'x': 3, 'y': 0, 'color': 2}, {'x': 2, 'y': 2, 'color': 2}], 'overlapped': True}, {'operation': 'SelectCell', 'position': {'x': 2, 'y': 2}, 'color': None}), ({'grid': [[2, 2, 0, 0], [0, 2, 0, 0], [0, 0, 0, 0], [2, 0, 0, 0], [0, 0, 2, 2]], 'object': [{'x': 3, 'y': 0, 'color': 2}, {'x': 2, 'y': 2, 'color': 2}], 'overlapped': True}, {'operation': 'SelectGrid', 'position': None, 'color': None}), ({'grid': [[2, 2, 0, 0], [0, 2, 0, 0], [0, 0, 0, 0], [0, 0, 0, 0], [0, 0, 2, 2]], 'object': [{'x': 3, 'y': 0, 'color': 2}, {'x': 2, 'y': 2, 'color': 2}, {'x': 0, 'y': 3, 'color': 2}], 'overlapped': True}, {'operation': 'SelectCell', 'position': {'x': 0, 'y': 3}, 'color': None}), ({'grid': [[2, 2, 0, 0], [0, 2, 0, 0], [0, 0, 0, 0], [0, 0, 0, 0], [0, 0, 2, 2]], 'object': [{'x': 3, 'y': 0, 'color': 1}, {'x': 2, 'y': 2, 'color': 1}, {'x': 0, 'y': 3, 'color': 1}], 'overlapped': False}, {'operation': 'Paint', 'position': None, 'color': 1}), ({'grid': [[2, 2, 0, 1], [0, 2, 0, 0], [0, 0, 1, 0], [1, 0, 0, 0], [0, 0, 2, 2]], 'object': [], 'overlapped': True}, {'operation': 'Submit', 'position': None, 'color': None})]"
3987,2024-04-05 06:56:08.682,2024-04-05 06:56:11.307,62,272,"[{""category"":""Selection"",""operation"":""SelectCell"",""position"":{""x"":3,""y"":0},""grid"":[[2,2,0,0],[0,2,0,0],[0,0,2,0],[2,0,0,0],[0,0,2,2]],""object"":[{""x"":3,""y"":0,""color"":2}],""overlapped"":true,""timestamp"":""2024-04-05T06:56:09.549Z""},{""category"":""Selection"",""operation"":""SelectCell"",""position"":{""x"":2,""y"":2},""grid"":[[2,2,0,0],[0,2,0,0],[0,0,0,0],[2,0,0,0],[0,0,2,2]],""object"":[{""x"":3,""y"":0,""color"":2},{""x"":2,""y"":2,""color"":2}],""overlapped"":true,""timestamp"":""2024-04-05T06:56:09.932Z""},{""category"":""Selection"",""operation"":""SelectCell"",""position"":{""x"":0,""y"":3},""grid"":[[2,2,0,0],[0,2,0,0],[0,0,0,0],[0,0,0,0],[0,0,2,2]],""object"":[{""x"":3,""y"":0,""color"":2},{""x"":2,""y"":2,""color"":2},{""x"":0,""y"":3,""color"":2}],""overlapped"":true,""timestamp"":""2024-04-05T06:56:10.370Z""},{""category"":""Coloring"",""operation"":""Paint"",""color"":1,""grid"":[[2,2,0,0],[0,2,0,0],[0,0,0,0],[0,0,0,0],[0,0,2,2]],""object"":[{""x"":3,""y"":0,""color"":1},{""x"":2,""y"":2,""color"":1},{""x"":0,""y"":3,""color"":1}],""overlapped"":false,""timestamp"":""2024-04-05T06:56:10.879Z""},{""category"":""Critical"",""operation"":""Submit"",""grid"":[[2,2,0,1],[0,2,0,0],[0,0,1,0],[1,0,0,0],[0,0,2,2]],""object"":[],""overlapped"":true,""special"":{""succeed"":false},""timestamp"":""2024-04-05T06:56:11.307Z""}]","[({'grid': [[2, 2, 0, 0], [0, 2, 0, 0], [0, 0, 2, 0], [2, 0, 0, 0], [0, 0, 2, 2]], 'object': [{'x': 3, 'y': 0, 'color': 2}], 'overlapped': True}, {'operation': 'SelectCell', 'position': {'x': 3, 'y': 0}, 'color': None}), ({'grid': [[2, 2, 0, 0], [0, 2, 0, 0], [0, 0, 0, 0], [2, 0, 0, 0], [0, 0, 2, 2]], 'object': [{'x': 3, 'y': 0, 'color': 2}, {'x': 2, 'y': 2, 'color': 2}], 'overlapped': True}, {'operation': 'SelectCell', 'position': {'x': 2, 'y': 2}, 'color': None}), ({'grid': [[2, 2, 0, 0], [0, 2, 0, 0], [0, 0, 0, 0], [0, 0, 0, 0], [0, 0, 2, 2]], 'object': [{'x': 3, 'y': 0, 'color': 2}, {'x': 2, 'y': 2, 'color': 2}, {'x': 0, 'y': 3, 'color': 2}], 'overlapped': True}, {'operation': 'SelectCell', 'position': {'x': 0, 'y': 3}, 'color': None}), ({'grid': [[2, 2, 0, 0], [0, 2, 0, 0], [0, 0, 0, 0], [0, 0, 0, 0], [0, 0, 2, 2]], 'object': [{'x': 3, 'y': 0, 'color': 1}, {'x': 2, 'y': 2, 'color': 1}, {'x': 0, 'y': 3, 'color': 1}], 'overlapped': False}, {'operation': 'Paint', 'position': None, 'color': 1}), ({'grid': [[2, 2, 0, 1], [0, 2, 0, 0], [0, 0, 1, 0], [1, 0, 0, 0], [0, 0, 2, 2]], 'object': [], 'overlapped': True}, {'operation': 'Submit', 'position': None, 'color': None})]"
5811,2024-04-25 21:21:02.818,2024-04-25 21:21:08.542,131,272,"[{""category"":""Selection"",""operation"":""SelectGrid"",""grid"":[[2,2,0,0],[0,2,0,0],[0,0,2,0],[2,0,0,0],[0,0,2,2]],""object"":[{""x"":3,""y"":0,""color"":2}],""overlapped"":true,""timestamp"":""2024-04-25T21:21:06.684Z""},{""category"":""Selection"",""operation"":""SelectGrid"",""grid"":[[2,2,0,0],[0,2,0,0],[0,0,0,0],[2,0,0,0],[0,0,2,2]],""object"":[{""x"":3,""y"":0,""color"":2},{""x"":2,""y"":2,""color"":2}],""overlapped"":true,""timestamp"":""2024-04-25T21:21:07.034Z""},{""category"":""Selection"",""operation"":""SelectGrid"",""grid"":[[2,2,0,0],[0,2,0,0],[0,0,0,0],[0,0,0,0],[0,0,2,2]],""object"":[{""x"":3,""y"":0,""color"":2},{""x"":2,""y"":2,""color"":2},{""x"":0,""y"":3,""color"":2}],""overlapped"":true,""timestamp"":""2024-04-25T21:21:07.411Z""},{""category"":""Coloring"",""operation"":""Paint"",""color"":1,""grid"":[[2,2,0,0],[0,2,0,0],[0,0,0,0],[0,0,0,0],[0,0,2,2]],""object"":[{""x"":3,""y"":0,""color"":1},{""x"":2,""y"":2,""color"":1},{""x"":0,""y"":3,""color"":1}],""overlapped"":false,""timestamp"":""2024-04-25T21:21:08.026Z""},{""category"":""Critical"",""operation"":""Submit"",""grid"":[[2,2,0,1],[0,2,0,0],[0,0,1,0],[1,0,0,0],[0,0,2,2]],""object"":[],""overlapped"":true,""special"":{""succeed"":false},""timestamp"":""2024-04-25T21:21:08.542Z""}]","[({'grid': [[2, 2, 0, 0], [0, 2, 0, 0], [0, 0, 2, 0], [2, 0, 0, 0], [0, 0, 2, 2]], 'object': [{'x': 3, 'y': 0, 'color': 2}], 'overlapped': True}, {'operation': 'SelectGrid', 'position': None, 'color': None}), ({'grid': [[2, 2, 0, 0], [0, 2, 0, 0], [0, 0, 0, 0], [2, 0, 0, 0], [0, 0, 2, 2]], 'object': [{'x': 3, 'y': 0, 'color': 2}, {'x': 2, 'y': 2, 'color': 2}], 'overlapped': True}, {'operation': 'SelectGrid', 'position': None, 'color': None}), ({'grid': [[2, 2, 0, 0], [0, 2, 0, 0], [0, 0, 0, 0], [0, 0, 0, 0], [0, 0, 2, 2]], 'object': [{'x': 3, 'y': 0, 'color': 2}, {'x': 2, 'y': 2, 'color': 2}, {'x': 0, 'y': 3, 'color': 2}], 'overlapped': True}, {'operation': 'SelectGrid', 'position': None, 'color': None}), ({'grid': [[2, 2, 0, 0], [0, 2, 0, 0], [0, 0, 0, 0], [0, 0, 0, 0], [0, 0, 2, 2]], 'object': [{'x': 3, 'y': 0, 'color': 1}, {'x': 2, 'y': 2, 'color': 1}, {'x': 0, 'y': 3, 'color': 1}], 'overlapped': False}, {'operation': 'Paint', 'position': None, 'color': 1}), ({'grid': [[2, 2, 0, 1], [0, 2, 0, 0], [0, 0, 1, 0], [1, 0, 0, 0], [0, 0, 2, 2]], 'object': [], 'overlapped': True}, {'operation': 'Submit', 'position': None, 'color': None})]"
6636,2024-05-03 05:57:22.313,2024-05-03 05:57:35.548,151,272,"[{""category"":""Selection"",""operation"":""SelectGrid"",""grid"":[[2,2,0,2],[0,2,0,0],[0,0,0,0],[2,0,0,0],[0,0,2,2]],""object"":[{""x"":2,""y"":2,""color"":2}],""overlapped"":true,""timestamp"":""2024-05-03T05:57:31.128Z""},{""category"":""Coloring"",""operation"":""Paint"",""color"":1,""grid"":[[2,2,0,2],[0,2,0,0],[0,0,0,0],[2,0,0,0],[0,0,2,2]],""object"":[{""x"":2,""y"":2,""color"":1}],""overlapped"":false,""timestamp"":""2024-05-03T05:57:31.784Z""},{""category"":""Selection"",""operation"":""SelectGrid"",""grid"":[[2,2,0,2],[0,2,0,0],[0,0,1,0],[0,0,0,0],[0,0,2,2]],""object"":[{""x"":0,""y"":3,""color"":2}],""overlapped"":true,""timestamp"":""2024-05-03T05:57:32.440Z""},{""category"":""Coloring"",""operation"":""Paint"",""color"":1,""grid"":[[2,2,0,2],[0,2,0,0],[0,0,1,0],[0,0,0,0],[0,0,2,2]],""object"":[{""x"":0,""y"":3,""color"":1}],""overlapped"":false,""timestamp"":""2024-05-03T05:57:33.323Z""},{""category"":""Selection"",""operation"":""SelectGrid"",""grid"":[[2,2,0,0],[0,2,0,0],[0,0,1,0],[1,0,0,0],[0,0,2,2]],""object"":[{""x"":3,""y"":0,""color"":2}],""overlapped"":true,""timestamp"":""2024-05-03T05:57:33.937Z""},{""category"":""Coloring"",""operation"":""Paint"",""color"":1,""grid"":[[2,2,0,0],[0,2,0,0],[0,0,1,0],[1,0,0,0],[0,0,2,2]],""object"":[{""x"":3,""y"":0,""color"":1}],""overlapped"":false,""timestamp"":""2024-05-03T05:57:34.627Z""},{""category"":""Critical"",""operation"":""Submit"",""grid"":[[2,2,0,1],[0,2,0,0],[0,0,1,0],[1,0,0,0],[0,0,2,2]],""object"":[],""overlapped"":true,""special"":{""succeed"":false},""timestamp"":""2024-05-03T05:57:35.547Z""}]","[({'grid': [[2, 2, 0, 2], [0, 2, 0, 0], [0, 0, 0, 0], [2, 0, 0, 0], [0, 0, 2, 2]], 'object': [{'x': 2, 'y': 2, 'color': 2}], 'overlapped': True}, {'operation': 'SelectGrid', 'position': None, 'color': None}), ({'grid': [[2, 2, 0, 2], [0, 2, 0, 0], [0, 0, 0, 0], [2, 0, 0, 0], [0, 0, 2, 2]], 'object': [{'x': 2, 'y': 2, 'color': 1}], 'overlapped': False}, {'operation': 'Paint', 'position': None, 'color': 1}), ({'grid': [[2, 2, 0, 2], [0, 2, 0, 0], [0, 0, 1, 0], [0, 0, 0, 0], [0, 0, 2, 2]], 'object': [{'x': 0, 'y': 3, 'color': 2}], 'overlapped': True}, {'operation': 'SelectGrid', 'position': None, 'color': None}), ({'grid': [[2, 2, 0, 2], [0, 2, 0, 0], [0, 0, 1, 0], [0, 0, 0, 0], [0, 0, 2, 2]], 'object': [{'x': 0, 'y': 3, 'color': 1}], 'overlapped': False}, {'operation': 'Paint', 'position': None, 'color': 1}), ({'grid': [[2, 2, 0, 0], [0, 2, 0, 0], [0, 0, 1, 0], [1, 0, 0, 0], [0, 0, 2, 2]], 'object': [{'x': 3, 'y': 0, 'color': 2}], 'overlapped': True}, {'operation': 'SelectGrid', 'position': None, 'color': None}), ({'grid': [[2, 2, 0, 0], [0, 2, 0, 0], [0, 0, 1, 0], [1, 0, 0, 0], [0, 0, 2, 2]], 'object': [{'x': 3, 'y': 0, 'color': 1}], 'overlapped': False}, {'operation': 'Paint', 'position': None, 'color': 1}), ({'grid': [[2, 2, 0, 1], [0, 2, 0, 0], [0, 0, 1, 0], [1, 0, 0, 0], [0, 0, 2, 2]], 'object': [], 'overlapped': True}, {'operation': 'Submit', 'position': None, 'color': None})]"
6774,2024-05-04 01:24:51.901,2024-05-04 01:24:56.813,152,272,"[{""category"":""Selection"",""operation"":""SelectGrid"",""grid"":[[2,2,0,0],[0,2,0,0],[0,0,2,0],[2,0,0,0],[0,0,2,2]],""object"":[{""x"":3,""y"":0,""color"":2}],""overlapped"":true,""timestamp"":""2024-05-04T01:24:52.639Z""},{""category"":""Selection"",""operation"":""SelectGrid"",""grid"":[[2,2,0,0],[0,2,0,0],[0,0,0,0],[2,0,0,0],[0,0,2,2]],""object"":[{""x"":3,""y"":0,""color"":2},{""x"":2,""y"":2,""color"":2}],""overlapped"":true,""timestamp"":""2024-05-04T01:24:53.380Z""},{""category"":""Selection"",""operation"":""SelectGrid"",""grid"":[[2,2,0,0],[0,2,0,0],[0,0,0,0],[0,0,0,0],[0,0,2,2]],""object"":[{""x"":3,""y"":0,""color"":2},{""x"":2,""y"":2,""color"":2},{""x"":0,""y"":3,""color"":2}],""overlapped"":true,""timestamp"":""2024-05-04T01:24:53.776Z""},{""category"":""Coloring"",""operation"":""Paint"",""color"":1,""grid"":[[2,2,0,0],[0,2,0,0],[0,0,0,0],[0,0,0,0],[0,0,2,2]],""object"":[{""x"":3,""y"":0,""color"":1},{""x"":2,""y"":2,""color"":1},{""x"":0,""y"":3,""color"":1}],""overlapped"":false,""timestamp"":""2024-05-04T01:24:55.575Z""},{""category"":""Critical"",""operation"":""Submit"",""grid"":[[2,2,0,1],[0,2,0,0],[0,0,1,0],[1,0,0,0],[0,0,2,2]],""object"":[],""overlapped"":true,""special"":{""succeed"":false},""timestamp"":""2024-05-04T01:24:56.812Z""}]","[({'grid': [[2, 2, 0, 0], [0, 2, 0, 0], [0, 0, 2, 0], [2, 0, 0, 0], [0, 0, 2, 2]], 'object': [{'x': 3, 'y': 0, 'color': 2}], 'overlapped': True}, {'operation': 'SelectGrid', 'position': None, 'color': None}), ({'grid': [[2, 2, 0, 0], [0, 2, 0, 0], [0, 0, 0, 0], [2, 0, 0, 0], [0, 0, 2, 2]], 'object': [{'x': 3, 'y': 0, 'color': 2}, {'x': 2, 'y': 2, 'color': 2}], 'overlapped': True}, {'operation': 'SelectGrid', 'position': None, 'color': None}), ({'grid': [[2, 2, 0, 0], [0, 2, 0, 0], [0, 0, 0, 0], [0, 0, 0, 0], [0, 0, 2, 2]], 'object': [{'x': 3, 'y': 0, 'color': 2}, {'x': 2, 'y': 2, 'color': 2}, {'x': 0, 'y': 3, 'color': 2}], 'overlapped': True}, {'operation': 'SelectGrid', 'position': None, 'color': None}), ({'grid': [[2, 2, 0, 0], [0, 2, 0, 0], [0, 0, 0, 0], [0, 0, 0, 0], [0, 0, 2, 2]], 'object': [{'x': 3, 'y': 0, 'color': 1}, {'x': 2, 'y': 2, 'color': 1}, {'x': 0, 'y': 3, 'color': 1}], 'overlapped': False}, {'operation': 'Paint', 'position': None, 'color': 1}), ({'grid': [[2, 2, 0, 1], [0, 2, 0, 0], [0, 0, 1, 0], [1, 0, 0, 0], [0, 0, 2, 2]], 'object': [], 'overlapped': True}, {'operation': 'Submit', 'position': None, 'color': None})]"
6775,2024-05-04 01:25:00.102,2024-05-04 01:25:04.508,152,272,"[{""category"":""Selection"",""operation"":""SelectGrid"",""grid"":[[2,2,0,2],[0,2,0,0],[0,0,0,0],[2,0,0,0],[0,0,2,2]],""object"":[{""x"":2,""y"":2,""color"":2}],""overlapped"":true,""timestamp"":""2024-05-04T01:25:01.243Z""},{""category"":""Selection"",""operation"":""SelectGrid"",""grid"":[[2,2,0,2],[0,2,0,0],[0,0,0,0],[0,0,0,0],[0,0,2,2]],""object"":[{""x"":2,""y"":2,""color"":2},{""x"":0,""y"":3,""color"":2}],""overlapped"":true,""timestamp"":""2024-05-04T01:25:01.706Z""},{""category"":""Selection"",""operation"":""SelectGrid"",""grid"":[[2,2,0,0],[0,2,0,0],[0,0,0,0],[0,0,0,0],[0,0,2,2]],""object"":[{""x"":2,""y"":2,""color"":2},{""x"":0,""y"":3,""color"":2},{""x"":3,""y"":0,""color"":2}],""overlapped"":true,""timestamp"":""2024-05-04T01:25:02.134Z""},{""category"":""Coloring"",""operation"":""Paint"",""color"":1,""grid"":[[2,2,0,0],[0,2,0,0],[0,0,0,0],[0,0,0,0],[0,0,2,2]],""object"":[{""x"":2,""y"":2,""color"":1},{""x"":0,""y"":3,""color"":1},{""x"":3,""y"":0,""color"":1}],""overlapped"":false,""timestamp"":""2024-05-04T01:25:03.336Z""},{""category"":""Critical"",""operation"":""Submit"",""grid"":[[2,2,0,1],[0,2,0,0],[0,0,1,0],[1,0,0,0],[0,0,2,2]],""object"":[],""overlapped"":true,""special"":{""succeed"":false},""timestamp"":""2024-05-04T01:25:04.507Z""}]","[({'grid': [[2, 2, 0, 2], [0, 2, 0, 0], [0, 0, 0, 0], [2, 0, 0, 0], [0, 0, 2, 2]], 'object': [{'x': 2, 'y': 2, 'color': 2}], 'overlapped': True}, {'operation': 'SelectGrid', 'position': None, 'color': None}), ({'grid': [[2, 2, 0, 2], [0, 2, 0, 0], [0, 0, 0, 0], [0, 0, 0, 0], [0, 0, 2, 2]], 'object': [{'x': 2, 'y': 2, 'color': 2}, {'x': 0, 'y': 3, 'color': 2}], 'overlapped': True}, {'operation': 'SelectGrid', 'position': None, 'color': None}), ({'grid': [[2, 2, 0, 0], [0, 2, 0, 0], [0, 0, 0, 0], [0, 0, 0, 0], [0, 0, 2, 2]], 'object': [{'x': 2, 'y': 2, 'color': 2}, {'x': 0, 'y': 3, 'color': 2}, {'x': 3, 'y': 0, 'color': 2}], 'overlapped': True}, {'operation': 'SelectGrid', 'position': None, 'color': None}), ({'grid': [[2, 2, 0, 0], [0, 2, 0, 0], [0, 0, 0, 0], [0, 0, 0, 0], [0, 0, 2, 2]], 'object': [{'x': 2, 'y': 2, 'color': 1}, {'x': 0, 'y': 3, 'color': 1}, {'x': 3, 'y': 0, 'color': 1}], 'overlapped': False}, {'operation': 'Paint', 'position': None, 'color': 1}), ({'grid': [[2, 2, 0, 1], [0, 2, 0, 0], [0, 0, 1, 0], [1, 0, 0, 0], [0, 0, 2, 2]], 'object': [], 'overlapped': True}, {'operation': 'Submit', 'position': None, 'color': None})]"
6776,2024-05-04 01:25:06.336,2024-05-04 01:25:09.457,152,272,"[{""category"":""Selection"",""operation"":""SelectGrid"",""grid"":[[2,2,0,0],[0,2,0,0],[0,0,2,0],[2,0,0,0],[0,0,2,2]],""object"":[{""x"":3,""y"":0,""color"":2}],""overlapped"":true,""timestamp"":""2024-05-04T01:25:06.902Z""},{""category"":""Selection"",""operation"":""SelectGrid"",""grid"":[[2,2,0,0],[0,2,0,0],[0,0,0,0],[2,0,0,0],[0,0,2,2]],""object"":[{""x"":3,""y"":0,""color"":2},{""x"":2,""y"":2,""color"":2}],""overlapped"":true,""timestamp"":""2024-05-04T01:25:07.311Z""},{""category"":""Selection"",""operation"":""SelectGrid"",""grid"":[[2,2,0,0],[0,2,0,0],[0,0,0,0],[0,0,0,0],[0,0,2,2]],""object"":[{""x"":3,""y"":0,""color"":2},{""x"":2,""y"":2,""color"":2},{""x"":0,""y"":3,""color"":2}],""overlapped"":true,""timestamp"":""2024-05-04T01:25:07.712Z""},{""category"":""Coloring"",""operation"":""Paint"",""color"":1,""grid"":[[2,2,0,0],[0,2,0,0],[0,0,0,0],[0,0,0,0],[0,0,2,2]],""object"":[{""x"":3,""y"":0,""color"":1},{""x"":2,""y"":2,""color"":1},{""x"":0,""y"":3,""color"":1}],""overlapped"":false,""timestamp"":""2024-05-04T01:25:08.729Z""},{""category"":""Critical"",""operation"":""Submit"",""grid"":[[2,2,0,1],[0,2,0,0],[0,0,1,0],[1,0,0,0],[0,0,2,2]],""object"":[],""overlapped"":true,""special"":{""succeed"":false},""timestamp"":""2024-05-04T01:25:09.456Z""}]","[({'grid': [[2, 2, 0, 0], [0, 2, 0, 0], [0, 0, 2, 0], [2, 0, 0, 0], [0, 0, 2, 2]], 'object': [{'x': 3, 'y': 0, 'color': 2}], 'overlapped': True}, {'operation': 'SelectGrid', 'position': None, 'color': None}), ({'grid': [[2, 2, 0, 0], [0, 2, 0, 0], [0, 0, 0, 0], [2, 0, 0, 0], [0, 0, 2, 2]], 'object': [{'x': 3, 'y': 0, 'color': 2}, {'x': 2, 'y': 2, 'color': 2}], 'overlapped': True}, {'operation': 'SelectGrid', 'position': None, 'color': None}), ({'grid': [[2, 2, 0, 0], [0, 2, 0, 0], [0, 0, 0, 0], [0, 0, 0, 0], [0, 0, 2, 2]], 'object': [{'x': 3, 'y': 0, 'color': 2}, {'x': 2, 'y': 2, 'color': 2}, {'x': 0, 'y': 3, 'color': 2}], 'overlapped': True}, {'operation': 'SelectGrid', 'position': None, 'color': None}), ({'grid': [[2, 2, 0, 0], [0, 2, 0, 0], [0, 0, 0, 0], [0, 0, 0, 0], [0, 0, 2, 2]], 'object': [{'x': 3, 'y': 0, 'color': 1}, {'x': 2, 'y': 2, 'color': 1}, {'x': 0, 'y': 3, 'color': 1}], 'overlapped': False}, {'operation': 'Paint', 'position': None, 'color': 1}), ({'grid': [[2, 2, 0, 1], [0, 2, 0, 0], [0, 0, 1, 0], [1, 0, 0, 0], [0, 0, 2, 2]], 'object': [], 'overlapped': True}, {'operation': 'Submit', 'position': None, 'color': None})]"
8680,2024-05-06 11:17:06.577,2024-05-06 11:17:13.647,153,272,"[{""category"":""Selection"",""operation"":""SelectGrid"",""grid"":[[2,2,0,0],[0,2,0,0],[0,0,2,0],[2,0,0,0],[0,0,2,2]],""object"":[{""x"":3,""y"":0,""color"":2}],""overlapped"":true,""timestamp"":""2024-05-06T11:17:12.195Z""},{""category"":""Selection"",""operation"":""SelectGrid"",""grid"":[[2,2,0,0],[0,2,0,0],[0,0,2,0],[0,0,0,0],[0,0,2,2]],""object"":[{""x"":3,""y"":0,""color"":2},{""x"":0,""y"":3,""color"":2}],""overlapped"":true,""timestamp"":""2024-05-06T11:17:12.628Z""},{""category"":""Selection"",""operation"":""SelectGrid"",""grid"":[[2,2,0,0],[0,2,0,0],[0,0,2,0],[0,0,0,0],[0,0,2,2]],""object"":[{""x"":3,""y"":0,""color"":2},{""x"":0,""y"":3,""color"":2}],""overlapped"":true,""timestamp"":""2024-05-06T11:17:12.633Z""},{""category"":""Coloring"",""operation"":""Paint"",""color"":1,""grid"":[[2,2,0,0],[0,2,0,0],[0,0,2,0],[0,0,0,0],[0,0,2,2]],""object"":[{""x"":3,""y"":0,""color"":1},{""x"":0,""y"":3,""color"":1}],""overlapped"":false,""timestamp"":""2024-05-06T11:17:13.189Z""},{""category"":""Critical"",""operation"":""Submit"",""grid"":[[2,2,0,1],[0,2,0,0],[0,0,2,0],[1,0,0,0],[0,0,2,2]],""object"":[],""overlapped"":true,""special"":{""succeed"":false},""timestamp"":""2024-05-06T11:17:13.647Z""}]","[({'grid': [[2, 2, 0, 0], [0, 2, 0, 0], [0, 0, 2, 0], [2, 0, 0, 0], [0, 0, 2, 2]], 'object': [{'x': 3, 'y': 0, 'color': 2}], 'overlapped': True}, {'operation': 'SelectGrid', 'position': None, 'color': None}), ({'grid': [[2, 2, 0, 0], [0, 2, 0, 0], [0, 0, 2, 0], [0, 0, 0, 0], [0, 0, 2, 2]], 'object': [{'x': 3, 'y': 0, 'color': 2}, {'x': 0, 'y': 3, 'color': 2}], 'overlapped': True}, {'operation': 'SelectGrid', 'position': None, 'color': None}), ({'grid': [[2, 2, 0, 0], [0, 2, 0, 0], [0, 0, 2, 0], [0, 0, 0, 0], [0, 0, 2, 2]], 'object': [{'x': 3, 'y': 0, 'color': 2}, {'x': 0, 'y': 3, 'color': 2}], 'overlapped': True}, {'operation': 'SelectGrid', 'position': None, 'color': None}), ({'grid': [[2, 2, 0, 0], [0, 2, 0, 0], [0, 0, 2, 0], [0, 0, 0, 0], [0, 0, 2, 2]], 'object': [{'x': 3, 'y': 0, 'color': 1}, {'x': 0, 'y': 3, 'color': 1}], 'overlapped': False}, {'operation': 'Paint', 'position': None, 'color': 1}), ({'grid': [[2, 2, 0, 1], [0, 2, 0, 0], [0, 0, 2, 0], [1, 0, 0, 0], [0, 0, 2, 2]], 'object': [], 'overlapped': True}, {'operation': 'Submit', 'position': None, 'color': None})]"
8681,2024-05-06 11:17:06.577,2024-05-06 11:17:15.504,153,272,"[{""category"":""Selection"",""operation"":""SelectGrid"",""grid"":[[2,2,0,0],[0,2,0,0],[0,0,2,0],[2,0,0,0],[0,0,2,2]],""object"":[{""x"":3,""y"":0,""color"":2}],""overlapped"":true,""timestamp"":""2024-05-06T11:17:12.195Z""},{""category"":""Selection"",""operation"":""SelectGrid"",""grid"":[[2,2,0,0],[0,2,0,0],[0,0,2,0],[0,0,0,0],[0,0,2,2]],""object"":[{""x"":3,""y"":0,""color"":2},{""x"":0,""y"":3,""color"":2}],""overlapped"":true,""timestamp"":""2024-05-06T11:17:12.628Z""},{""category"":""Selection"",""operation"":""SelectGrid"",""grid"":[[2,2,0,0],[0,2,0,0],[0,0,2,0],[0,0,0,0],[0,0,2,2]],""object"":[{""x"":3,""y"":0,""color"":2},{""x"":0,""y"":3,""color"":2}],""overlapped"":true,""timestamp"":""2024-05-06T11:17:12.633Z""},{""category"":""Coloring"",""operation"":""Paint"",""color"":1,""grid"":[[2,2,0,0],[0,2,0,0],[0,0,2,0],[0,0,0,0],[0,0,2,2]],""object"":[{""x"":3,""y"":0,""color"":1},{""x"":0,""y"":3,""color"":1}],""overlapped"":false,""timestamp"":""2024-05-06T11:17:13.189Z""},{""category"":""Selection"",""operation"":""SelectGrid"",""grid"":[[2,2,0,1],[0,2,0,0],[0,0,0,0],[1,0,0,0],[0,0,2,2]],""object"":[{""x"":2,""y"":2,""color"":2}],""overlapped"":true,""timestamp"":""2024-05-06T11:17:14.577Z""},{""category"":""Coloring"",""operation"":""Paint"",""color"":1,""grid"":[[2,2,0,1],[0,2,0,0],[0,0,0,0],[1,0,0,0],[0,0,2,2]],""object"":[{""x"":2,""y"":2,""color"":1}],""overlapped"":false,""timestamp"":""2024-05-06T11:17:15.047Z""},{""category"":""Critical"",""operation"":""Submit"",""grid"":[[2,2,0,1],[0,2,0,0],[0,0,1,0],[1,0,0,0],[0,0,2,2]],""object"":[],""overlapped"":true,""special"":{""succeed"":false},""timestamp"":""2024-05-06T11:17:15.504Z""}]","[({'grid': [[2, 2, 0, 0], [0, 2, 0, 0], [0, 0, 2, 0], [2, 0, 0, 0], [0, 0, 2, 2]], 'object': [{'x': 3, 'y': 0, 'color': 2}], 'overlapped': True}, {'operation': 'SelectGrid', 'position': None, 'color': None}), ({'grid': [[2, 2, 0, 0], [0, 2, 0, 0], [0, 0, 2, 0], [0, 0, 0, 0], [0, 0, 2, 2]], 'object': [{'x': 3, 'y': 0, 'color': 2}, {'x': 0, 'y': 3, 'color': 2}], 'overlapped': True}, {'operation': 'SelectGrid', 'position': None, 'color': None}), ({'grid': [[2, 2, 0, 0], [0, 2, 0, 0], [0, 0, 2, 0], [0, 0, 0, 0], [0, 0, 2, 2]], 'object': [{'x': 3, 'y': 0, 'color': 2}, {'x': 0, 'y': 3, 'color': 2}], 'overlapped': True}, {'operation': 'SelectGrid', 'position': None, 'color': None}), ({'grid': [[2, 2, 0, 0], [0, 2, 0, 0], [0, 0, 2, 0], [0, 0, 0, 0], [0, 0, 2, 2]], 'object': [{'x': 3, 'y': 0, 'color': 1}, {'x': 0, 'y': 3, 'color': 1}], 'overlapped': False}, {'operation': 'Paint', 'position': None, 'color': 1}), ({'grid': [[2, 2, 0, 1], [0, 2, 0, 0], [0, 0, 0, 0], [1, 0, 0, 0], [0, 0, 2, 2]], 'object': [{'x': 2, 'y': 2, 'color': 2}], 'overlapped': True}, {'operation': 'SelectGrid', 'position': None, 'color': None}), ({'grid': [[2, 2, 0, 1], [0, 2, 0, 0], [0, 0, 0, 0], [1, 0, 0, 0], [0, 0, 2, 2]], 'object': [{'x': 2, 'y': 2, 'color': 1}], 'overlapped': False}, {'operation': 'Paint', 'position': None, 'color': 1}), ({'grid': [[2, 2, 0, 1], [0, 2, 0, 0], [0, 0, 1, 0], [1, 0, 0, 0], [0, 0, 2, 2]], 'object': [], 'overlapped': True}, {'operation': 'Submit', 'position': None, 'color': None})]"
8682,2024-05-06 11:17:16.858,2024-05-06 11:17:18.813,153,272,"[{""category"":""Selection"",""operation"":""SelectGrid"",""grid"":[[2,2,0,2],[0,2,0,0],[0,0,2,0],[0,0,0,0],[0,0,2,2]],""object"":[{""x"":0,""y"":3,""color"":2}],""overlapped"":true,""timestamp"":""2024-05-06T11:17:17.311Z""},{""category"":""Selection"",""operation"":""SelectGrid"",""grid"":[[2,2,0,2],[0,2,0,0],[0,0,0,0],[2,0,0,0],[0,0,2,2]],""object"":[{""x"":2,""y"":2,""color"":2}],""overlapped"":true,""timestamp"":""2024-05-06T11:17:17.654Z""},{""category"":""Selection"",""operation"":""SelectGrid"",""grid"":[[2,2,0,2],[0,2,0,0],[0,0,0,0],[0,0,0,0],[0,0,2,2]],""object"":[{""x"":0,""y"":3,""color"":2},{""x"":2,""y"":2,""color"":2}],""overlapped"":true,""timestamp"":""2024-05-06T11:17:17.660Z""},{""category"":""Selection"",""operation"":""SelectGrid"",""grid"":[[2,2,0,0],[0,2,0,0],[0,0,0,0],[0,0,0,0],[0,0,2,2]],""object"":[{""x"":0,""y"":3,""color"":2},{""x"":2,""y"":2,""color"":2},{""x"":3,""y"":0,""color"":2}],""overlapped"":true,""timestamp"":""2024-05-06T11:17:17.927Z""},{""category"":""Selection"",""operation"":""SelectGrid"",""grid"":[[2,2,0,0],[0,2,0,0],[0,0,0,0],[0,0,0,0],[0,0,2,2]],""object"":[{""x"":0,""y"":3,""color"":2},{""x"":2,""y"":2,""color"":2},{""x"":3,""y"":0,""color"":2}],""overlapped"":true,""timestamp"":""2024-05-06T11:17:17.932Z""},{""category"":""Coloring"",""operation"":""Paint"",""color"":1,""grid"":[[2,2,0,0],[0,2,0,0],[0,0,0,0],[0,0,0,0],[0,0,2,2]],""object"":[{""x"":0,""y"":3,""color"":1},{""x"":2,""y"":2,""color"":1},{""x"":3,""y"":0,""color"":1}],""overlapped"":false,""timestamp"":""2024-05-06T11:17:18.425Z""},{""category"":""Critical"",""operation"":""Submit"",""grid"":[[2,2,0,1],[0,2,0,0],[0,0,1,0],[1,0,0,0],[0,0,2,2]],""object"":[],""overlapped"":true,""special"":{""succeed"":false},""timestamp"":""2024-05-06T11:17:18.813Z""}]","[({'grid': [[2, 2, 0, 2], [0, 2, 0, 0], [0, 0, 2, 0], [0, 0, 0, 0], [0, 0, 2, 2]], 'object': [{'x': 0, 'y': 3, 'color': 2}], 'overlapped': True}, {'operation': 'SelectGrid', 'position': None, 'color': None}), ({'grid': [[2, 2, 0, 2], [0, 2, 0, 0], [0, 0, 0, 0], [2, 0, 0, 0], [0, 0, 2, 2]], 'object': [{'x': 2, 'y': 2, 'color': 2}], 'overlapped': True}, {'operation': 'SelectGrid', 'position': None, 'color': None}), ({'grid': [[2, 2, 0, 2], [0, 2, 0, 0], [0, 0, 0, 0], [0, 0, 0, 0], [0, 0, 2, 2]], 'object': [{'x': 0, 'y': 3, 'color': 2}, {'x': 2, 'y': 2, 'color': 2}], 'overlapped': True}, {'operation': 'SelectGrid', 'position': None, 'color': None}), ({'grid': [[2, 2, 0, 0], [0, 2, 0, 0], [0, 0, 0, 0], [0, 0, 0, 0], [0, 0, 2, 2]], 'object': [{'x': 0, 'y': 3, 'color': 2}, {'x': 2, 'y': 2, 'color': 2}, {'x': 3, 'y': 0, 'color': 2}], 'overlapped': True}, {'operation': 'SelectGrid', 'position': None, 'color': None}), ({'grid': [[2, 2, 0, 0], [0, 2, 0, 0], [0, 0, 0, 0], [0, 0, 0, 0], [0, 0, 2, 2]], 'object': [{'x': 0, 'y': 3, 'color': 2}, {'x': 2, 'y': 2, 'color': 2}, {'x': 3, 'y': 0, 'color': 2}], 'overlapped': True}, {'operation': 'SelectGrid', 'position': None, 'color': None}), ({'grid': [[2, 2, 0, 0], [0, 2, 0, 0], [0, 0, 0, 0], [0, 0, 0, 0], [0, 0, 2, 2]], 'object': [{'x': 0, 'y': 3, 'color': 1}, {'x': 2, 'y': 2, 'color': 1}, {'x': 3, 'y': 0, 'color': 1}], 'overlapped': False}, {'operation': 'Paint', 'position': None, 'color': 1}), ({'grid': [[2, 2, 0, 1], [0, 2, 0, 0], [0, 0, 1, 0], [1, 0, 0, 0], [0, 0, 2, 2]], 'object': [], 'overlapped': True}, {'operation': 'Submit', 'position': None, 'color': None})]"
10222,2024-05-14 08:19:29.417,2024-05-14 08:19:30.796,159,272,"[{""category"":""Selection"",""operation"":""SelectGrid"",""grid"":[[0,2,0,2],[0,2,0,0],[0,0,2,0],[2,0,0,0],[0,0,2,2]],""object"":[{""x"":0,""y"":0,""color"":2}],""overlapped"":true,""timestamp"":""2024-05-14T08:19:30.077Z""},{""category"":""Clipboard"",""operation"":""Paste"",""position"":{""x"":0,""y"":0},""grid"":[[2,2,0,2],[0,2,0,0],[0,0,2,0],[2,0,0,0],[0,0,2,2]],""object"":[{""x"":0,""y"":0,""color"":2},{""x"":1,""y"":0,""color"":2},{""x"":2,""y"":0,""color"":0},{""x"":3,""y"":0,""color"":1},{""x"":0,""y"":1,""color"":0},{""x"":1,""y"":1,""color"":2},{""x"":2,""y"":1,""color"":0},{""x"":3,""y"":1,""color"":0},{""x"":0,""y"":2,""color"":0},{""x"":1,""y"":2,""color"":0},{""x"":2,""y"":2,""color"":1},{""x"":3,""y"":2,""color"":0},{""x"":0,""y"":3,""color"":1},{""x"":1,""y"":3,""color"":0},{""x"":2,""y"":3,""color"":0},{""x"":3,""y"":3,""color"":0},{""x"":0,""y"":4,""color"":0},{""x"":1,""y"":4,""color"":0},{""x"":2,""y"":4,""color"":2},{""x"":3,""y"":4,""color"":2}],""overlapped"":true,""timestamp"":""2024-05-14T08:19:30.205Z""},{""category"":""Critical"",""operation"":""Submit"",""grid"":[[2,2,0,1],[0,2,0,0],[0,0,1,0],[1,0,0,0],[0,0,2,2]],""object"":[],""overlapped"":true,""special"":{""succeed"":false},""timestamp"":""2024-05-14T08:19:30.795Z""}]","[({'grid': [[0, 2, 0, 2], [0, 2, 0, 0], [0, 0, 2, 0], [2, 0, 0, 0], [0, 0, 2, 2]], 'object': [{'x': 0, 'y': 0, 'color': 2}], 'overlapped': True}, {'operation': 'SelectGrid', 'position': None, 'color': None}), ({'grid': [[2, 2, 0, 2], [0, 2, 0, 0], [0, 0, 2, 0], [2, 0, 0, 0], [0, 0, 2, 2]], 'object': [{'x': 0, 'y': 0, 'color': 2}, {'x': 1, 'y': 0, 'color': 2}, {'x': 2, 'y': 0, 'color': 0}, {'x': 3, 'y': 0, 'color': 1}, {'x': 0, 'y': 1, 'color': 0}, {'x': 1, 'y': 1, 'color': 2}, {'x': 2, 'y': 1, 'color': 0}, {'x': 3, 'y': 1, 'color': 0}, {'x': 0, 'y': 2, 'color': 0}, {'x': 1, 'y': 2, 'color': 0}, {'x': 2, 'y': 2, 'color': 1}, {'x': 3, 'y': 2, 'color': 0}, {'x': 0, 'y': 3, 'color': 1}, {'x': 1, 'y': 3, 'color': 0}, {'x': 2, 'y': 3, 'color': 0}, {'x': 3, 'y': 3, 'color': 0}, {'x': 0, 'y': 4, 'color': 0}, {'x': 1, 'y': 4, 'color': 0}, {'x': 2, 'y': 4, 'color': 2}, {'x': 3, 'y': 4, 'color': 2}], 'overlapped': True}, {'operation': 'Paste', 'position': {'x': 0, 'y': 0}, 'color': None}), ({'grid': [[2, 2, 0, 1], [0, 2, 0, 0], [0, 0, 1, 0], [1, 0, 0, 0], [0, 0, 2, 2]], 'object': [], 'overlapped': True}, {'operation': 'Submit', 'position': None, 'color': None})]"
